Company,Location,Panel_Size_m2,Panel_Capacity_kW,Panel_Efficiency_Percent,Inverter_Efficiency_Percent,Sunlight_Hours,Theoretical_Daily_Energy_kWh,Average_Daily_Energy_kWh,Total_Annual_Energy_kWh,Month_1_Energy_kWh,Month_2_Energy_kWh,Month_3_Energy_kWh,Month_4_Energy_kWh,Month_5_Energy_kWh,Month_6_Energy_kWh,Month_7_Energy_kWh,Month_8_Energy_kWh,Month_9_Energy_kWh,Month_10_Energy_kWh,Month_11_Energy_kWh,Month_12_Energy_kWh
EcoEnergy,Rajasthan,26,8,17,92,5.0,20.332,11.734703447965812,4283.166758507521,457.86671798400005,457.86671798400005,463.11999279104003,463.11999279104003,463.11999279104003,212.46798163968,212.46798163968,212.46798163968,212.46798163968,212.46798163968,457.86671798400005,457.86671798400005
HelioPower,Chennai,33,9,18,92,6.1,33.33528,19.249878976598268,7026.205826458368,744.3014646672,744.3014646672,765.7202994541055,765.7202994541055,765.7202994541055,350.36781388545023,350.36781388545023,350.36781388545023,350.36781388545023,350.36781388545023,744.3014646672,744.3014646672
EcoSource,Rajasthan,31,9,17,94,6.4,31.704319999999996,18.298288078861464,6678.875148784435,713.9658146918399,713.9658146918399,722.1574094946304,722.1574094946304,722.1574094946304,331.3079323066368,331.3079323066368,331.3079323066368,331.3079323066368,331.3079323066368,713.9658146918399,713.9658146918399
PowerGrid,Hyderabad,34,8,19,93,6.0,36.046800000000005,20.830471014528005,7603.121920302722,804.5143988544003,804.5143988544003,821.7633982406402,821.7633982406402,821.7633982406402,383.95482603264,383.95482603264,383.95482603264,383.95482603264,383.95482603264,804.5143988544003,804.5143988544003
PureEnergy,Gujarat,30,10,19,93,6.4,33.9264,19.580771348468783,7146.981542191106,764.0059719168001,764.0059719168001,772.7716960174081,772.7716960174081,772.7716960174081,354.52851329433605,354.52851329433605,354.52851329433605,354.52851329433605,354.52851329433605,764.0059719168001,764.0059719168001
HelioTech,Rajasthan,34,11,18,95,5.7,33.1398,19.12678169018775,6981.275316918529,746.2921237776001,746.2921237776001,754.8546103234561,754.8546103234561,754.8546103234561,346.308598167552,346.308598167552,346.308598167552,346.308598167552,346.308598167552,746.2921237776001,746.2921237776001
BrightEnergy,Mumbai,33,9,19,95,5.5,32.76075,18.99695940798082,6933.890183913,725.7892559940001,725.7892559940001,761.0316197022001,761.0316197022001,761.0316197022001,349.52766016608,349.52766016608,349.52766016608,349.52766016608,349.52766016608,725.7892559940001,725.7892559940001
SunSolutions,Delhi,29,10,20,92,5.3,28.2808,16.49435437462935,6020.439346739712,645.650664,645.650664,650.705678265344,650.705678265344,650.705678265344,297.14393118873596,297.14393118873596,297.14393118873596,297.14393118873596,297.14393118873596,645.650664,645.650664
SunHarvest,Delhi,25,11,17,95,6.4,25.84,15.070794215171505,5500.839888537599,589.9272,589.9272,594.5459366912,594.5459366912,594.5459366912,271.49865569279996,271.49865569279996,271.49865569279996,271.49865569279996,271.49865569279996,589.9272,589.9272
EnergyHub,Mumbai,32,11,17,93,6.1,30.861119999999996,17.89542192791145,6531.82900368768,683.70441225984,683.70441225984,716.9032497553919,716.9032497553919,716.9032497553919,329.2603210764288,329.2603210764288,329.2603210764288,329.2603210764288,329.2603210764288,683.70441225984,683.70441225984
SunHarvest,Delhi,33,8,19,91,5.3,30.24021,17.637151003621195,6437.560116321736,690.3839943,690.3839943,695.7892407193729,695.7892407193729,695.7892407193729,317.73128339272324,317.73128339272324,317.73128339272324,317.73128339272324,317.73128339272324,690.3839943,690.3839943
PureEnergy,Kolkata,25,10,20,95,6.2,29.45,17.08473094869041,6235.926796272,664.8132528,664.8132528,679.307185744,679.307185744,679.307185744,307.750445568,307.750445568,307.750445568,307.750445568,307.750445568,664.8132528,664.8132528
SunHarvest,Hyderabad,30,10,18,95,5.7,29.241,16.89758322336,6167.617876526401,652.618416528,652.618416528,666.6107262768,666.6107262768,666.6107262768,311.4624063168,311.4624063168,311.4624063168,311.4624063168,311.4624063168,652.618416528,652.618416528
SolarTech,Hyderabad,31,11,17,90,5.1,24.1893,13.978342391328004,5102.094972834721,539.8715044944,539.8715044944,551.44649092464,551.44649092464,551.44649092464,257.65389641664,257.65389641664,257.65389641664,257.65389641664,257.65389641664,539.8715044944,539.8715044944
GreenPower,Delhi,27,11,20,91,5.8,28.5012,16.622899384111697,6067.35827520077,650.682396,650.682396,655.7768053724161,655.7768053724161,655.7768053724161,299.459655016704,299.459655016704,299.459655016704,299.459655016704,299.459655016704,650.682396,650.682396
EnergyHub,Hyderabad,33,8,20,92,6.4,38.860800000000005,22.456605523968005,8196.661016248321,867.3189617664002,867.3189617664002,885.9145074278402,885.9145074278402,885.9145074278402,413.92832937984,413.92832937984,413.92832937984,413.92832937984,413.92832937984,867.3189617664002,867.3189617664002
EcoSource,Chennai,30,11,17,92,5.1,23.929199999999998,13.818219136206904,5043.64998471552,534.284956008,534.284956008,549.6601255395839,549.6601255395839,549.6601255395839,251.5059568129536,251.5059568129536,251.5059568129536,251.5059568129536,251.5059568129536,534.284956008,534.284956008
HelioTech,Hyderabad,27,11,18,94,6.4,29.237759999999998,16.895710914969598,6166.934483963903,652.5461042380799,652.5461042380799,666.536863592448,666.536863592448,666.536863592448,311.427895246848,311.427895246848,311.427895246848,311.427895246848,311.427895246848,652.5461042380799,652.5461042380799
GreenFusion,Mumbai,33,10,18,91,5.1,27.56754,15.985575371683726,5834.73501066456,610.7376768292801,610.7376768292801,640.393446957264,640.393446957264,640.393446957264,294.12079249512965,294.12079249512965,294.12079249512965,294.12079249512965,294.12079249512965,610.7376768292801,610.7376768292801
EcoSun,Mumbai,29,8,18,92,5.5,26.413200000000003,15.316208824122738,5590.416220804799,585.1641606624001,585.1641606624001,613.57814999712,613.57814999712,613.57814999712,281.80502563276804,281.80502563276804,281.80502563276804,281.80502563276804,281.80502563276804,585.1641606624001,585.1641606624001
SunRise,Gujarat,31,9,19,93,5.1,27.93627,16.123541407254763,5885.092613647988,629.1111675002401,629.1111675002401,636.3291934393345,636.3291934393345,636.3291934393345,291.93207266580475,291.93207266580475,291.93207266580475,291.93207266580475,291.93207266580475,629.1111675002401,629.1111675002401
SunGen,Rajasthan,34,11,20,93,6.4,40.473600000000005,23.359516696418897,8526.223594192898,911.4457208832002,911.4457208832002,921.9030759505922,921.9030759505922,921.9030759505922,422.94629656166404,422.94629656166404,422.94629656166404,422.94629656166404,422.94629656166404,911.4457208832002,911.4457208832002
GreenSky,Gujarat,28,8,19,95,5.9,29.818600000000004,17.209936466334515,6281.626810212098,671.5003205232001,671.5003205232001,679.2046929489923,679.2046929489923,679.2046929489923,311.602289854464,311.602289854464,311.602289854464,311.602289854464,311.602289854464,671.5003205232001,671.5003205232001
GreenFusion,Mumbai,29,11,19,91,6.4,32.09024000000001,18.608151115965374,6791.975157327362,710.9346218956802,710.9346218956802,745.4556847395842,745.4556847395842,745.4556847395842,342.3739231051777,342.3739231051777,342.3739231051777,342.3739231051777,342.3739231051777,710.9346218956802,710.9346218956802
PowerGrid,Chennai,34,10,18,90,6.4,35.251200000000004,20.35625120832526,7430.031691038721,787.0796282880001,787.0796282880001,809.7294944010241,809.7294944010241,809.7294944010241,370.5049389367296,370.5049389367296,370.5049389367296,370.5049389367296,370.5049389367296,787.0796282880001,787.0796282880001
HelioPower,Mumbai,28,8,20,92,5.7,29.366400000000002,17.028679403204382,6215.467982169599,650.5900386048002,650.5900386048002,682.1809316582401,682.1809316582401,682.1809316582401,313.31300655513604,313.31300655513604,313.31300655513604,313.31300655513604,313.31300655513604,650.5900386048002,650.5900386048002
SolarTech,Gujarat,28,11,17,92,5.0,21.896,12.63737294396318,4612.641124546561,493.0872347520001,493.0872347520001,498.7446076211201,498.7446076211201,498.7446076211201,228.81167253504,228.81167253504,228.81167253504,228.81167253504,228.81167253504,493.0872347520001,493.0872347520001
BrightEnergy,Gujarat,33,8,18,92,6.4,34.974720000000005,20.18581385872707,7367.82205843538,787.6136267366402,787.6136267366402,796.6502102237185,796.6502102237185,796.6502102237185,365.48338416353283,365.48338416353283,365.48338416353283,365.48338416353283,365.48338416353283,787.6136267366402,787.6136267366402
EnergyHub,Hyderabad,27,8,20,92,5.4,26.8272,15.502713472512003,5658.490417466881,598.7457605376001,598.7457605376001,611.58302643456,611.58302643456,611.58302643456,285.75165920256006,285.75165920256006,285.75165920256006,285.75165920256006,285.75165920256006,598.7457605376001,598.7457605376001
SunHarvest,Gujarat,26,11,20,91,5.9,27.918800000000005,16.113458519725942,5881.412359699969,628.7177516256002,628.7177516256002,635.9312637583362,635.9312637583362,635.9312637583362,291.74951238451206,291.74951238451206,291.74951238451206,291.74951238451206,291.74951238451206,628.7177516256002,628.7177516256002
PureEnergy,Hyderabad,31,11,20,90,6.4,35.712,20.636999147520008,7532.504688844802,797.0421288960002,797.0421288960002,814.1309208576001,814.1309208576001,814.1309208576001,380.38868213760003,380.38868213760003,380.38868213760003,380.38868213760003,380.38868213760003,797.0421288960002,797.0421288960002
EcoSun,Mumbai,32,10,20,94,6.3,37.9008,21.97751758216767,8021.7939174912,839.6631161856001,839.6631161856001,880.43488662528,880.43488662528,880.43488662528,404.36735857459195,404.36735857459195,404.36735857459195,404.36735857459195,404.36735857459195,839.6631161856001,839.6631161856001
SolarCo,Rajasthan,33,10,19,93,5.5,32.07105000000001,18.509947915349393,6756.1309891025285,722.2243953276003,722.2243953276003,730.5107438914562,730.5107438914562,730.5107438914562,335.14023522355205,335.14023522355205,335.14023522355205,335.14023522355205,335.14023522355205,722.2243953276003,722.2243953276003
EcoSun,Hyderabad,34,11,20,93,5.5,34.782000000000004,20.09957729472,7336.3457125728,776.2858234560001,776.2858234560001,792.9295947936001,792.9295947936001,792.9295947936001,370.48272687360003,370.48272687360003,370.48272687360003,370.48272687360003,370.48272687360003,776.2858234560001,776.2858234560001
EcoEnergy,Gujarat,34,10,19,92,5.4,32.09328,18.522778057866024,6760.813991121099,722.72500407936,722.72500407936,731.0170963132416,731.0170963132416,731.0170963132416,335.3725371727872,335.3725371727872,335.3725371727872,335.3725371727872,335.3725371727872,722.72500407936,722.72500407936
PowerGrid,Rajasthan,27,8,18,90,6.2,27.1188,15.651734992361556,5712.883272211968,610.7021420256,610.7021420256,617.7089543823362,617.7089543823362,617.7089543823362,283.38956819251206,283.38956819251206,283.38956819251206,283.38956819251206,283.38956819251206,610.7021420256,610.7021420256
SolarCo,Chennai,28,10,20,94,5.1,26.8464,15.502793165599561,5658.51950544384,599.4194391359999,599.4194391359999,616.668989948928,616.668989948928,616.668989948928,282.16695581061117,282.16695581061117,282.16695581061117,282.16695581061117,282.16695581061117,599.4194391359999,599.4194391359999
BrightEnergy,Kolkata,30,8,17,90,5.0,22.95,13.313907479539727,4859.576230032,518.0802768,518.0802768,529.3752092640001,529.3752092640001,529.3752092640001,239.82589900800002,239.82589900800002,239.82589900800002,239.82589900800002,239.82589900800002,518.0802768,518.0802768
SunGen,Hyderabad,30,11,17,95,5.1,24.709500000000002,14.278951905120001,5211.817445368801,551.4816443760001,551.4816443760001,563.3055552456001,563.3055552456001,563.3055552456001,263.19484042560003,263.19484042560003,263.19484042560003,263.19484042560003,263.19484042560003,551.4816443760001,551.4816443760001
SunSolutions,Chennai,28,8,18,94,5.3,25.109279999999995,14.499671254884294,5292.380008032767,560.6334754271999,560.6334754271999,576.7668788345854,576.7668788345854,576.7668788345854,263.90909396404214,263.90909396404214,263.90909396404214,263.90909396404214,263.90909396404214,560.6334754271999,560.6334754271999
BrightEnergy,Gujarat,29,8,17,92,5.4,24.492240000000006,14.135804307318816,5159.568572171368,551.5532925868802,551.5532925868802,557.881468239053,557.881468239053,557.881468239053,255.9421994213377,255.9421994213377,255.9421994213377,255.9421994213377,255.9421994213377,551.5532925868802,551.5532925868802
PureEnergy,Gujarat,34,8,20,95,6.4,41.344,23.861871894191346,8709.583241379842,931.0467041280002,931.0467041280002,941.7289485516802,941.7289485516802,941.7289485516802,432.04191584256006,432.04191584256006,432.04191584256006,432.04191584256006,432.04191584256006,931.0467041280002,931.0467041280002
HelioPower,Chennai,30,10,17,94,5.6,26.8464,15.502793165599561,5658.51950544384,599.4194391359999,599.4194391359999,616.668989948928,616.668989948928,616.668989948928,282.16695581061117,282.16695581061117,282.16695581061117,282.16695581061117,282.16695581061117,599.4194391359999,599.4194391359999
SolarCo,Hyderabad,27,8,17,90,6.0,24.786,14.323159186560002,5227.953103094401,553.1890178880001,553.1890178880001,565.0495352928001,565.0495352928001,565.0495352928001,264.00968513280003,264.00968513280003,264.00968513280003,264.00968513280003,264.00968513280003,553.1890178880001,553.1890178880001
BrightEnergy,Kolkata,33,8,18,90,5.7,30.4722,17.677736448715926,6452.373803781313,687.8887063488002,687.8887063488002,702.8857190298239,702.8857190298239,702.8857190298239,318.43236425932804,318.43236425932804,318.43236425932804,318.43236425932804,318.43236425932804,687.8887063488002,687.8887063488002
EcoSource,Rajasthan,28,11,19,91,5.9,28.563080000000003,16.48530756248885,6017.13726030843,643.2266228169601,643.2266228169601,650.6066006142977,650.6066006142977,650.6066006142977,298.48219343953923,298.48219343953923,298.48219343953923,298.48219343953923,298.48219343953923,643.2266228169601,643.2266228169601
HelioPower,Rajasthan,31,10,18,90,5.3,26.6166,15.361888048058564,5607.089137541376,599.3928430992,599.3928430992,606.269899671552,606.269899671552,606.269899671552,278.141613225984,278.141613225984,278.141613225984,278.141613225984,278.141613225984,599.3928430992,599.3928430992
SunRise,Kolkata,27,11,19,90,5.4,24.931800000000003,14.463602548949392,5279.214930366528,562.8180324672,562.8180324672,575.088315569856,575.088315569856,575.088315569856,260.535570757632,260.535570757632,260.535570757632,260.535570757632,260.535570757632,562.8180324672,562.8180324672
PowerGrid,Kolkata,25,8,18,91,5.2,21.294,12.353217684937647,4508.924455002241,480.69722937600005,480.69722937600005,491.17715494848005,491.17715494848005,491.17715494848005,222.52081453056002,222.52081453056002,222.52081453056002,222.52081453056002,222.52081453056002,480.69722937600005,480.69722937600005
EcoSource,Mumbai,25,10,17,90,6.3,24.0975,13.973405045178081,5100.29284149,533.86160562,533.86160562,559.784481606,559.784481606,559.784481606,257.0985948384,257.0985948384,257.0985948384,257.0985948384,257.0985948384,533.86160562,533.86160562
EcoSun,Kolkata,28,9,20,92,5.8,29.8816,17.335113627042016,6327.316473870335,674.5563224064,674.5563224064,689.262668982272,689.262668982272,689.262668982272,312.26063545958397,312.26063545958397,312.26063545958397,312.26063545958397,312.26063545958397,674.5563224064,674.5563224064
SunSolutions,Mumbai,32,8,17,95,5.4,27.9072,16.18253384279671,5906.624852620798,618.2625832704,618.2625832704,648.2837425075201,648.2837425075201,648.2837425075201,297.744658403328,297.744658403328,297.744658403328,297.744658403328,297.744658403328,618.2625832704,618.2625832704
EcoSource,Delhi,29,10,20,90,5.4,28.188000000000006,16.44023016011047,6000.684008440322,643.5320400000002,643.5320400000002,648.5704668518401,648.5704668518401,648.5704668518401,296.16888957696005,296.16888957696005,296.16888957696005,296.16888957696005,296.16888957696005,643.5320400000002,643.5320400000002
SolarCo,Delhi,27,10,17,93,5.2,22.19724,12.946208830680096,4725.366223198235,506.7629892000001,506.7629892000001,510.7306055634433,510.7306055634433,510.7306055634433,233.2244899415808,233.2244899415808,233.2244899415808,233.2244899415808,233.2244899415808,506.7629892000001,506.7629892000001
SolarWave,Rajasthan,31,8,18,94,5.3,27.79956,16.044638627972276,5856.293099209881,626.03252501472,626.03252501472,633.2152285458433,633.2152285458433,633.2152285458433,290.5034627026944,290.5034627026944,290.5034627026944,290.5034627026944,290.5034627026944,626.03252501472,626.03252501472
GreenPower,Delhi,28,9,17,92,5.2,22.77184,13.281335702043775,4847.687531245978,519.8811072000001,519.8811072000001,523.9514296819713,523.9514296819713,523.9514296819713,239.26176268001282,239.26176268001282,239.26176268001282,239.26176268001282,239.26176268001282,519.8811072000001,519.8811072000001
SolarTech,Rajasthan,29,11,19,95,5.8,30.3601,17.522465578919274,6395.699936305535,683.6946362712,683.6946362712,691.538918607872,691.538918607872,691.538918607872,317.260927079424,317.260927079424,317.260927079424,317.260927079424,317.260927079424,683.6946362712,683.6946362712
GreenPower,Chennai,30,10,17,94,6.5,31.161,17.994313495785207,6567.924425961601,695.7547061399999,695.7547061399999,715.77650619072,715.77650619072,715.77650619072,327.515216565888,327.515216565888,327.515216565888,327.515216565888,327.515216565888,695.7547061399999,695.7547061399999
SunHarvest,Chennai,34,10,18,90,5.5,30.294,17.493653382154523,6385.183484486401,676.39655556,676.39655556,695.86128425088,695.86128425088,695.86128425088,318.402681898752,318.402681898752,318.402681898752,318.402681898752,318.402681898752,676.39655556,676.39655556
PureEnergy,Chennai,31,9,18,95,5.7,30.215700000000002,17.448438057013483,6368.679890809921,674.6482935180001,674.6482935180001,694.062712304064,694.062712304064,694.062712304064,317.57971596514557,317.57971596514557,317.57971596514557,317.57971596514557,317.57971596514557,674.6482935180001,674.6482935180001
HelioPower,Hyderabad,28,11,17,91,5.2,22.524320000000003,13.016195470387204,4750.9113466913295,502.7114685465601,502.7114685465601,513.4897340751361,513.4897340751361,513.4897340751361,239.91925405593605,239.91925405593605,239.91925405593605,239.91925405593605,239.91925405593605,502.7114685465601,502.7114685465601
EnergyHub,Delhi,28,8,19,94,6.2,31.004959999999997,18.08318002359226,6600.360708611174,707.8432368,707.8432368,713.3851774486528,713.3851774486528,713.3851774486528,325.76644581304316,325.76644581304316,325.76644581304316,325.76644581304316,325.76644581304316,707.8432368,707.8432368
SunHarvest,Gujarat,34,11,20,93,6.1,38.57639999999999,22.264539351274255,8126.5568632151035,868.7217027168,868.7217027168,878.6888692654079,878.6888692654079,878.6888692654079,403.1206889103359,403.1206889103359,403.1206889103359,403.1206889103359,403.1206889103359,868.7217027168,868.7217027168
SunRise,Mumbai,31,10,17,95,5.9,29.53835,17.12838796208055,6251.8616061594,654.3994587972,654.3994587972,686.17532699436,686.17532699436,686.17532699436,315.147557997504,315.147557997504,315.147557997504,315.147557997504,315.147557997504,654.3994587972,654.3994587972
EnergyHub,Hyderabad,31,11,19,90,5.4,28.625400000000003,16.541844629184006,6037.773289652162,638.8790814432001,638.8790814432001,652.5768162499201,652.5768162499201,652.5768162499201,304.90530302592003,304.90530302592003,304.90530302592003,304.90530302592003,304.90530302592003,638.8790814432001,638.8790814432001
SolarTech,Gujarat,30,8,18,93,6.4,32.140800000000006,18.55020443539148,6770.82461891789,723.7951312896002,723.7951312896002,732.0995014901762,732.0995014901762,732.0995014901762,335.86911785779205,335.86911785779205,335.86911785779205,335.86911785779205,335.86911785779205,723.7951312896002,723.7951312896002
SolarTech,Hyderabad,26,11,19,90,6.0,26.676000000000002,15.415339080960003,5626.598764550401,595.3711870080001,595.3711870080001,608.1361011648,608.1361011648,608.1361011648,284.1411426048,284.1411426048,284.1411426048,284.1411426048,284.1411426048,595.3711870080001,595.3711870080001
SunSolutions,Rajasthan,27,11,17,90,5.0,20.655,11.92112432213918,4351.210377580801,465.14052036000004,465.14052036000004,470.47725020160004,470.47725020160004,470.47725020160004,215.8433091072,215.8433091072,215.8433091072,215.8433091072,215.8433091072,465.14052036000004,465.14052036000004
BrightEnergy,Rajasthan,27,8,19,90,6.3,29.0871,16.78774801600071,6127.528025840258,655.0272974952,655.0272974952,662.542668813312,662.542668813312,662.542668813312,303.95816588390403,303.95816588390403,303.95816588390403,303.95816588390403,303.95816588390403,655.0272974952,655.0272974952
SunGen,Gujarat,32,10,19,90,5.9,32.284800000000004,18.633314670317063,6801.159854665728,727.0379410176001,727.0379410176001,735.3795171778562,735.3795171778562,735.3795171778562,337.37390781235206,337.37390781235206,337.37390781235206,337.37390781235206,337.37390781235206,727.0379410176001,727.0379410176001
SunRise,Mumbai,27,10,19,92,5.7,26.90172,15.599486667578303,5693.812633666081,595.9869460790401,595.9869460790401,624.926460608352,624.926460608352,624.926460608352,287.0170935049728,287.0170935049728,287.0170935049728,287.0170935049728,287.0170935049728,595.9869460790401,595.9869460790401
HelioPower,Mumbai,26,8,19,95,5.2,24.403600000000004,14.150903096192883,5165.079630110402,540.6430160352002,540.6430160352002,566.89517897376,566.89517897376,566.89517897376,260.36440580966405,260.36440580966405,260.36440580966405,260.36440580966405,260.36440580966405,540.6430160352002,540.6430160352002
EcoEnergy,Rajasthan,25,10,19,95,6.4,28.88,16.66821933785425,6083.900058316801,650.36350656,650.36350656,657.8253684736001,657.8253684736001,657.8253684736001,301.7939853312,301.7939853312,301.7939853312,301.7939853312,301.7939853312,650.36350656,650.36350656
GreenPower,Rajasthan,34,8,18,92,5.0,28.152000000000005,16.24805092795266,5930.538588702721,633.9693018240001,633.9693018240001,641.2430669414401,641.2430669414401,641.2430669414401,294.1864361164801,294.1864361164801,294.1864361164801,294.1864361164801,294.1864361164801,633.9693018240001,633.9693018240001
GreenSky,Kolkata,26,11,19,95,6.0,28.158,16.33520726836077,5962.350652951681,635.647252032,635.647252032,649.5053221113601,649.5053221113601,649.5053221113601,294.24913569792005,294.24913569792005,294.24913569792005,294.24913569792005,294.24913569792005,635.647252032,635.647252032
SunSolutions,Rajasthan,32,8,19,94,6.0,34.291199999999996,19.791317276946938,7223.8308060856325,772.2210898943999,772.2210898943999,781.0810690928639,781.0810690928639,781.0810690928639,358.340647845888,358.340647845888,358.340647845888,358.340647845888,358.340647845888,772.2210898943999,772.2210898943999
HelioPower,Kolkata,29,9,19,90,6.2,30.7458,17.836459110432788,6510.307575307967,694.0650359232001,694.0650359232001,709.1967019167361,709.1967019167361,709.1967019167361,321.291465172992,321.291465172992,321.291465172992,321.291465172992,321.291465172992,694.0650359232001,694.0650359232001
SolarCo,Rajasthan,26,10,19,92,5.0,22.724,13.115256794785317,4787.068730096641,511.733390688,511.733390688,517.6046978252801,517.6046978252801,517.6046978252801,237.46421477376,237.46421477376,237.46421477376,237.46421477376,237.46421477376,511.733390688,511.733390688
SunEco,Mumbai,27,10,17,92,5.8,24.492240000000002,14.202302727822907,5183.840495655361,542.6067671596801,542.6067671596801,568.9542845427841,568.9542845427841,568.9542845427841,261.3101146776577,261.3101146776577,261.3101146776577,261.3101146776577,261.3101146776577,542.6067671596801,542.6067671596801
PowerGrid,Chennai,27,11,20,90,5.7,27.702,15.996870205071785,5838.857624851202,618.52305348,618.52305348,636.32235083904,636.32235083904,636.32235083904,291.159671682816,291.159671682816,291.159671682816,291.159671682816,291.159671682816,618.52305348,618.52305348
SolarTech,Gujarat,27,9,20,92,5.9,29.311200000000003,16.917088319103655,6174.7372364728335,660.0739201344002,660.0739201344002,667.6471932272641,667.6471932272641,667.6471932272641,306.299995250688,306.299995250688,306.299995250688,306.299995250688,306.299995250688,660.0739201344002,660.0739201344002
SolarTech,Kolkata,32,10,20,91,6.3,36.691199999999995,21.28554431866178,7769.223676311551,828.2783029247998,828.2783029247998,846.3360208343039,846.3360208343039,846.3360208343039,383.42048042188793,383.42048042188793,383.42048042188793,383.42048042188793,383.42048042188793,828.2783029247998,828.2783029247998
GreenSky,Hyderabad,32,9,17,92,6.1,30.52928,17.6420454002688,6439.346571098112,681.3710328422401,681.3710328422401,695.9798062141441,695.9798062141441,695.9798062141441,325.184604217344,325.184604217344,325.184604217344,325.184604217344,325.184604217344,681.3710328422401,681.3710328422401
SolarTech,Hyderabad,34,8,18,90,6.1,33.5988,19.415838008448006,7086.780873083522,749.8784464703999,749.8784464703999,765.9560367302399,765.9560367302399,765.9560367302399,357.87979540223995,357.87979540223995,357.87979540223995,357.87979540223995,357.87979540223995,749.8784464703999,749.8784464703999
SunSolutions,Hyderabad,27,10,18,91,5.3,23.439780000000003,13.545215050348803,4944.003493377313,523.1432614262401,523.1432614262401,534.3595899445442,534.3595899445442,534.3595899445442,249.67033556774402,249.67033556774402,249.67033556774402,249.67033556774402,249.67033556774402,523.1432614262401,523.1432614262401
EcoSun,Delhi,26,8,18,92,5.5,23.680800000000005,13.811473051495105,5041.187663795713,540.6326640000001,540.6326640000001,544.8654573373442,544.8654573373442,544.8654573373442,248.81212715673604,248.81212715673604,248.81212715673604,248.81212715673604,248.81212715673604,540.6326640000001,540.6326640000001
SunHarvest,Kolkata,25,8,17,91,5.4,20.8845,12.11565580638115,4422.21436932912,471.453051888,471.453051888,481.73144043024,481.73144043024,481.73144043024,218.24156809728004,218.24156809728004,218.24156809728004,218.24156809728004,218.24156809728004,471.453051888,471.453051888
PowerGrid,Kolkata,25,8,18,93,5.9,24.6915,14.324198105928332,5228.332308663841,557.393427216,557.393427216,569.54544573168,569.54544573168,569.54544573168,258.02445252096004,258.02445252096004,258.02445252096004,258.02445252096004,258.02445252096004,557.393427216,557.393427216
GreenSky,Kolkata,31,9,20,93,5.9,34.019400000000005,19.735561834834588,7203.480069714625,767.9642774976,767.9642774976,784.7070585636482,784.7070585636482,784.7070585636482,355.50035680665604,355.50035680665604,355.50035680665604,355.50035680665604,355.50035680665604,767.9642774976,767.9642774976
SolarTech,Gujarat,34,9,17,92,5.9,31.373840000000005,18.10755008970725,6609.255782743146,706.5235663660802,706.5235663660802,714.629773491405,714.629773491405,714.629773491405,327.8544393609217,327.8544393609217,327.8544393609217,327.8544393609217,327.8544393609217,706.5235663660802,706.5235663660802
GreenSky,Chennai,34,8,20,92,5.2,32.5312,18.78555281262115,6856.726776606721,726.348175488,726.348175488,747.250366746624,747.250366746624,747.250366746624,341.91659488296955,341.91659488296955,341.91659488296955,341.91659488296955,341.91659488296955,726.348175488,726.348175488
HelioTech,Chennai,28,8,20,95,5.4,28.728000000000005,16.5893468793337,6055.1116109568,641.4313147200002,641.4313147200002,659.8898453145601,659.8898453145601,659.8898453145601,301.94336322662406,301.94336322662406,301.94336322662406,301.94336322662406,301.94336322662406,641.4313147200002,641.4313147200002
SolarWave,Hyderabad,27,9,20,90,5.0,24.3,14.042312928000001,5125.44421872,542.3421744000001,542.3421744000001,553.97013264,553.97013264,553.97013264,258.83302463999996,258.83302463999996,258.83302463999996,258.83302463999996,258.83302463999996,542.3421744000001,542.3421744000001
SunGen,Mumbai,33,11,20,90,5.2,30.888,17.911008819813702,6537.518219232001,684.2999180160001,684.2999180160001,717.5276716608,717.5276716608,717.5276716608,329.54710643711996,329.54710643711996,329.54710643711996,329.54710643711996,329.54710643711996,684.2999180160001,684.2999180160001
SunGen,Gujarat,33,10,19,91,5.6,31.951919999999998,18.44119151058074,6731.034901361971,719.54164586304,719.54164586304,727.7972142465024,727.7972142465024,727.7972142465024,333.8953350340608,333.8953350340608,333.8953350340608,333.8953350340608,333.8953350340608,719.54164586304,719.54164586304
GreenPower,Chennai,33,11,19,91,5.5,31.381349999999998,18.1215573897166,6614.368447246558,700.674623649,700.674623649,720.838004638752,720.838004638752,720.838004638752,329.8311877468608,329.8311877468608,329.8311877468608,329.8311877468608,329.8311877468608,700.674623649,700.674623649
SunSolutions,Delhi,32,9,17,93,5.7,28.83744,16.819006344131402,6138.937315607962,658.3587552,658.3587552,663.5132653473793,663.5132653473793,663.5132653473793,302.9924997531648,302.9924997531648,302.9924997531648,302.9924997531648,302.9924997531648,658.3587552,658.3587552
PureEnergy,Hyderabad,28,10,20,91,5.4,27.518400000000003,15.902139262464,5804.28083079936,614.1723823872001,614.1723823872001,627.3403990963201,627.3403990963201,627.3403990963201,293.11402079232,293.11402079232,293.11402079232,293.11402079232,293.11402079232,614.1723823872001,614.1723823872001
HelioPower,Kolkata,25,8,17,91,5.3,20.49775,11.891291809966683,4340.321510637839,462.7224398160001,462.7224398160001,472.81048782968,472.81048782968,472.81048782968,214.20005757696,214.20005757696,214.20005757696,214.20005757696,214.20005757696,462.7224398160001,462.7224398160001
EcoSun,Kolkata,30,11,18,95,5.5,28.215,16.368274489551784,5974.420188686401,636.9339873600001,636.9339873600001,650.8201102127999,650.8201102127999,650.8201102127999,294.8447817216,294.8447817216,294.8447817216,294.8447817216,294.8447817216,636.9339873600001,636.9339873600001
SunHarvest,Delhi,25,9,19,95,5.2,23.465,13.685610923335888,4995.247987017599,535.70595,535.70595,539.9001704512,539.9001704512,539.9001704512,246.5447351328,246.5447351328,246.5447351328,246.5447351328,246.5447351328,535.70595,535.70595
BrightEnergy,Kolkata,31,10,17,93,5.4,26.465940000000003,15.353598105405217,5604.063308472904,597.4501752057602,597.4501752057602,610.4754913232449,610.4754913232449,610.4754913232449,276.5672267360256,276.5672267360256,276.5672267360256,276.5672267360256,276.5672267360256,597.4501752057602,597.4501752057602
EcoEnergy,Mumbai,33,8,19,91,6.4,36.51648,21.17479264920198,7728.799316958723,808.9945697433601,808.9945697433601,848.2771584967682,848.2771584967682,848.2771584967682,389.5979124989952,389.5979124989952,389.5979124989952,389.5979124989952,389.5979124989952,808.9945697433601,808.9945697433601
GreenSky,Gujarat,34,11,20,93,6.0,37.944,21.89954690289271,7993.334619555839,854.4803633280001,854.4803633280001,864.2841337036801,864.2841337036801,864.2841337036801,396.51215302656,396.51215302656,396.51215302656,396.51215302656,396.51215302656,854.4803633280001,854.4803633280001
EcoSource,Gujarat,28,9,18,91,6.1,27.977040000000002,16.147071992518068,5893.681277269095,630.0292880044801,630.0292880044801,637.2578478809089,637.2578478809089,637.2578478809089,292.35811632168964,292.35811632168964,292.35811632168964,292.35811632168964,292.35811632168964,630.0292880044801,630.0292880044801
PureEnergy,Hyderabad,26,10,20,90,5.1,23.868000000000002,13.79267180928,5034.3252103872,532.7005357440001,532.7005357440001,544.1217747264001,544.1217747264001,544.1217747264001,254.23154864640006,254.23154864640006,254.23154864640006,254.23154864640006,254.23154864640006,532.7005357440001,532.7005357440001
SunEco,Kolkata,33,9,17,93,5.3,27.65169,16.041483325181428,5855.141413691221,624.21765617376,624.21765617376,637.8265438018848,637.8265438018848,637.8265438018848,288.95823151810555,288.95823151810555,288.95823151810555,288.95823151810555,288.95823151810555,624.21765617376,624.21765617376
SolarCo,Rajasthan,26,11,18,94,5.4,23.75568,13.710695455674426,5004.403841321166,534.9663208281601,534.9663208281601,541.1041879965696,541.1041879965696,541.1041879965696,248.2451988037632,248.2451988037632,248.2451988037632,248.2451988037632,248.2451988037632,534.9663208281601,534.9663208281601
HelioPower,Gujarat,30,9,18,93,5.5,27.621000000000002,15.941581936664553,5818.677406882562,622.0114409520002,622.0114409520002,629.1480090931202,629.1480090931202,629.1480090931202,288.63752315904003,288.63752315904003,288.63752315904003,288.63752315904003,288.63752315904003,622.0114409520002,622.0114409520002
HelioPower,Chennai,33,9,19,94,5.6,33.00527999999999,19.059316303590045,6956.650450810366,736.9333104671997,736.9333104671997,758.1401111725054,758.1401111725054,758.1401111725054,346.8993750848101,346.8993750848101,346.8993750848101,346.8993750848101,346.8993750848101,736.9333104671997,736.9333104671997
EcoSun,Mumbai,29,9,19,95,5.3,27.74285,16.087232292047673,5871.8397865974,614.6215352412001,614.6215352412001,644.46589503156,644.46589503156,644.46589503156,295.991192107584,295.991192107584,295.991192107584,295.991192107584,295.991192107584,614.6215352412001,614.6215352412001
GreenPower,Hyderabad,31,11,17,93,5.4,26.465940000000003,15.2939510869824,5582.292146748576,590.6829402115201,590.6829402115201,603.3473371293121,603.3473371293121,603.3473371293121,281.903674902912,281.903674902912,281.903674902912,281.903674902912,281.903674902912,590.6829402115201,590.6829402115201
EcoSun,Kolkata,33,9,19,93,5.6,32.65416,18.943549675907924,6914.395631706392,737.1449347046399,737.1449347046399,753.2158075529471,753.2158075529471,753.2158075529471,341.2336940457984,341.2336940457984,341.2336940457984,341.2336940457984,341.2336940457984,737.1449347046399,737.1449347046399
HelioTech,Kolkata,28,8,20,93,6.5,33.852000000000004,19.63844862733677,7168.033748977921,764.1853390080001,764.1853390080001,780.8457335078401,780.8457335078401,780.8457335078401,353.75103848448003,353.75103848448003,353.75103848448003,353.75103848448003,353.75103848448003,764.1853390080001,764.1853390080001
BrightEnergy,Hyderabad,31,11,19,92,5.9,31.970920000000003,18.475130174323205,6743.422513627969,713.5464308793601,713.5464308793601,728.8450532108161,728.8450532108161,728.8450532108161,340.540326095616,340.540326095616,340.540326095616,340.540326095616,340.540326095616,713.5464308793601,713.5464308793601
SunSolutions,Kolkata,26,8,19,92,5.8,26.359840000000002,15.292046663854922,5581.597032307047,595.0550415513601,595.0550415513601,608.0281401379328,608.0281401379328,608.0281401379328,275.4584891375616,275.4584891375616,275.4584891375616,275.4584891375616,275.4584891375616,595.0550415513601,595.0550415513601
SunSolutions,Rajasthan,31,11,18,95,5.9,31.275900000000004,18.051023586869658,6588.623609207425,704.3180053608,704.3180053608,712.3989072660482,712.3989072660482,712.3989072660482,326.83097319321604,326.83097319321604,326.83097319321604,326.83097319321604,326.83097319321604,704.3180053608,704.3180053608
SunRise,Hyderabad,29,10,20,93,5.8,31.2852,18.078871128192,6598.78796179008,698.2421150016,698.2421150016,713.21260879296,713.21260879296,713.21260879296,333.23633508096,333.23633508096,333.23633508096,333.23633508096,333.23633508096,698.2421150016,698.2421150016
SolarTech,Hyderabad,30,10,19,91,6.4,33.1968,19.183533078528004,7001.989573662721,740.9063660544001,740.9063660544001,756.7915925606401,756.7915925606401,756.7915925606401,353.59786635264004,353.59786635264004,353.59786635264004,353.59786635264004,353.59786635264004,740.9063660544001,740.9063660544001
EcoSun,Rajasthan,29,10,17,93,6.3,28.884870000000003,16.671030079827084,6084.925979136886,650.4731765834401,650.4731765834401,657.9362967819266,657.9362967819266,657.9362967819266,301.8448764914688,301.8448764914688,301.8448764914688,301.8448764914688,301.8448764914688,650.4731765834401,650.4731765834401
HelioPower,Gujarat,33,9,17,90,5.7,28.7793,16.610099888847255,6062.686459429248,648.0957917016,648.0957917016,655.5316352808961,655.5316352808961,655.5316352808961,300.741677356032,300.741677356032,300.741677356032,300.741677356032,300.741677356032,648.0957917016,648.0957917016
SolarTech,Gujarat,27,9,20,92,6.3,31.298399999999997,18.064009561076773,6593.363489793022,704.8246943808001,704.8246943808001,712.9114097172479,712.9114097172479,712.9114097172479,327.066096623616,327.066096623616,327.066096623616,327.066096623616,327.066096623616,704.8246943808001,704.8246943808001
BrightEnergy,Mumbai,30,10,19,91,5.4,28.009800000000002,16.242028452512876,5928.3403851672,620.5356074736001,620.5356074736001,650.66713861968,650.66713861968,650.66713861968,298.83930788275205,298.83930788275205,298.83930788275205,298.83930788275205,298.83930788275205,620.5356074736001,620.5356074736001
EcoSource,Gujarat,27,9,19,91,6.1,28.47663,16.435412563813035,5998.925585791758,641.2798110045601,641.2798110045601,648.6374523073538,648.6374523073538,648.6374523073538,297.5787969702912,297.5787969702912,297.5787969702912,297.5787969702912,297.5787969702912,641.2798110045601,641.2798110045601
SunEco,Kolkata,27,9,19,91,5.3,24.74199,14.353488702383316,5239.023376369911,558.5332038249601,558.5332038249601,570.7100711920608,570.7100711920608,570.7100711920608,258.55206949877766,258.55206949877766,258.55206949877766,258.55206949877766,258.55206949877766,558.5332038249601,558.5332038249601
HelioPower,Delhi,29,8,18,92,5.1,24.492240000000002,14.284733316895986,5213.927660667035,559.1578392,559.1578392,563.5356723090433,563.5356723090433,563.5356723090433,257.3378573879808,257.3378573879808,257.3378573879808,257.3378573879808,257.3378573879808,559.1578392,559.1578392
HelioTech,Chennai,34,10,20,93,6.1,38.57639999999999,22.276429997073524,8130.896948931837,861.3238293359997,861.3238293359997,886.1102279585277,886.1102279585277,886.1102279585277,405.4541895424511,405.4541895424511,405.4541895424511,405.4541895424511,405.4541895424511,861.3238293359997,861.3238293359997
PureEnergy,Chennai,31,9,19,95,6.0,33.573,19.38715339668164,7076.310989788799,749.6092150200001,749.6092150200001,771.1807914489599,771.1807914489599,771.1807914489599,352.866351072384,352.866351072384,352.866351072384,352.866351072384,352.866351072384,749.6092150200001,749.6092150200001
PureEnergy,Delhi,27,8,18,91,5.8,25.651080000000004,14.960609445700525,5460.622447680692,585.6141564000001,585.6141564000001,590.1991248351745,590.1991248351745,590.1991248351745,269.5136895150336,269.5136895150336,269.5136895150336,269.5136895150336,269.5136895150336,585.6141564000001,585.6141564000001
EcoSun,Rajasthan,33,8,17,94,6.2,32.69508,18.870109581325888,6887.589997183949,736.2772464009602,736.2772464009602,744.7248285413376,744.7248285413376,744.7248285413376,341.6613051912191,341.6613051912191,341.6613051912191,341.6613051912191,341.6613051912191,736.2772464009602,736.2772464009602
HelioPower,Chennai,34,10,18,93,5.8,33.01128,19.06278107946293,6957.915094003969,737.0672769072,737.0672769072,758.2779327776257,758.2779327776257,758.2779327776257,346.96243760845823,346.96243760845823,346.96243760845823,346.96243760845823,346.96243760845823,737.0672769072,737.0672769072
EcoSun,Chennai,30,9,20,95,5.9,33.63,19.420068767473975,7088.3251001280005,750.8818962000001,750.8818962000001,772.4900966976002,772.4900966976002,772.4900966976002,353.4654450470401,353.4654450470401,353.4654450470401,353.4654450470401,353.4654450470401,750.8818962000001,750.8818962000001
GreenSky,Delhi,25,9,18,92,6.1,25.254,14.729018464007016,5376.0917393625605,576.54882,576.54882,581.0628128947201,581.0628128947201,581.0628128947201,265.34160413568003,265.34160413568003,265.34160413568003,265.34160413568003,265.34160413568003,576.54882,576.54882
SunSolutions,Chennai,31,8,17,90,6.4,30.3552,17.52899409605786,6398.08284506112,677.763013248,677.763013248,697.2670646231039,697.2670646231039,697.2670646231039,319.0459196399616,319.0459196399616,319.0459196399616,319.0459196399616,319.0459196399616,677.763013248,677.763013248
GreenPower,Gujarat,33,10,18,95,6.4,36.11520000000001,20.844046919337735,7608.077125558273,813.2966797824002,813.2966797824002,822.6279344701443,822.6279344701443,822.6279344701443,377.40132060364806,377.40132060364806,377.40132060364806,377.40132060364806,377.40132060364806,813.2966797824002,813.2966797824002
EnergyHub,Rajasthan,29,8,18,94,6.2,30.422159999999998,17.558283781554568,6408.773580267417,685.0921971859201,685.0921971859201,692.9525142577153,692.9525142577153,692.9525142577153,317.9094497501184,317.9094497501184,317.9094497501184,317.9094497501184,317.9094497501184,685.0921971859201,685.0921971859201
SunEco,Rajasthan,34,10,17,95,5.8,31.8478,18.381098193494267,6709.100840625408,717.1969142736001,717.1969142736001,725.425580681216,725.425580681216,725.425580681216,332.807288297472,332.807288297472,332.807288297472,332.807288297472,332.807288297472,717.1969142736001,717.1969142736001
GreenFusion,Chennai,32,10,18,93,5.1,27.31968,15.77609468645208,5758.274560555009,609.9867119232,609.9867119232,627.5403581607936,627.5403581607936,627.5403581607936,287.14132767596544,287.14132767596544,287.14132767596544,287.14132767596544,287.14132767596544,609.9867119232,609.9867119232
SunEco,Delhi,30,8,20,92,6.4,35.328,20.604528561671017,7520.652925009921,806.5382400000001,806.5382400000001,812.85289672704,812.85289672704,812.85289672704,371.18825496576,371.18825496576,371.18825496576,371.18825496576,371.18825496576,806.5382400000001,806.5382400000001
SolarTech,Gujarat,25,8,19,95,5.7,25.72125,14.845132847776444,5418.473489438402,579.2299980300002,579.2299980300002,585.8757187968,585.8757187968,585.8757187968,268.78526818560005,268.78526818560005,268.78526818560005,268.78526818560005,268.78526818560005,579.2299980300002,579.2299980300002
SolarTech,Gujarat,25,11,18,92,5.1,21.114,12.186038195964496,4447.903941527041,475.47697636800007,475.47697636800007,480.9323002060801,480.9323002060801,480.9323002060801,220.63982708736,220.63982708736,220.63982708736,220.63982708736,220.63982708736,475.47697636800007,475.47697636800007
PowerGrid,Mumbai,32,10,17,90,5.6,27.4176,15.898629740291511,5802.999855206402,607.4158712832001,607.4158712832001,636.91034351616,636.91034351616,636.91034351616,292.52106790502404,292.52106790502404,292.52106790502404,292.52106790502404,292.52106790502404,607.4158712832001,607.4158712832001
SunSolutions,Hyderabad,26,10,20,93,6.0,29.016000000000002,16.767561807360007,6120.160059686403,647.5967297280001,647.5967297280001,661.4813731968001,661.4813731968001,661.4813731968001,309.06580423680003,309.06580423680003,309.06580423680003,309.06580423680003,309.06580423680003,647.5967297280001,647.5967297280001
BrightEnergy,Rajasthan,29,8,18,90,6.1,28.657799999999998,16.53997562812879,6037.091104267008,645.3596709936,645.3596709936,652.764122044416,652.764122044416,652.764122044416,299.47201083187196,299.47201083187196,299.47201083187196,299.47201083187196,299.47201083187196,645.3596709936,645.3596709936
GreenSky,Delhi,32,8,20,90,5.9,33.984,19.820660627259617,7234.541128949761,775.85472,775.85472,781.92914522112,781.92914522112,781.92914522112,357.06696265728,357.06696265728,357.06696265728,357.06696265728,357.06696265728,775.85472,775.85472
PureEnergy,Rajasthan,29,8,17,93,5.3,24.299970000000002,14.024834829060877,5119.06471260722,547.22346601464,547.22346601464,553.5019639593985,553.5019639593985,553.5019639593985,253.9329913340928,253.9329913340928,253.9329913340928,253.9329913340928,253.9329913340928,547.22346601464,547.22346601464
EnergyHub,Hyderabad,29,8,17,92,5.8,26.30648,15.201803464780804,5548.658264644993,587.1240149798401,587.1240149798401,599.7121076087041,599.7121076087041,599.7121076087041,280.205176379904,280.205176379904,280.205176379904,280.205176379904,280.205176379904,587.1240149798401,587.1240149798401
SunEco,Rajasthan,29,11,20,94,6.0,32.712,18.879875033929643,6891.15438738432,736.6582765440002,736.6582765440002,745.1102303846401,745.1102303846401,745.1102303846401,341.83811801088,341.83811801088,341.83811801088,341.83811801088,341.83811801088,736.6582765440002,736.6582765440002
HelioTech,Delhi,34,8,20,90,5.4,33.048,19.274752601508826,7035.284699550722,754.48584,754.48584,760.3929611366401,760.3929611366401,760.3929611366401,347.23249122816003,347.23249122816003,347.23249122816003,347.23249122816003,347.23249122816003,754.48584,754.48584
SolarTech,Delhi,30,8,17,90,5.3,24.327,14.188359553888441,5178.751237169281,555.3854100000001,555.3854100000001,559.73370750336,559.73370750336,559.73370750336,255.60169493184003,255.60169493184003,255.60169493184003,255.60169493184003,255.60169493184003,555.3854100000001,555.3854100000001
SolarTech,Chennai,30,10,19,95,6.0,32.49,18.7617613516274,6848.042893344001,725.4282726,725.4282726,746.3039917248001,746.3039917248001,746.3039917248001,341.48356555392,341.48356555392,341.48356555392,341.48356555392,341.48356555392,725.4282726,725.4282726
SunRise,Kolkata,32,9,18,90,6.2,32.1408,18.64573583958128,6805.693581447167,725.5561900032,725.5561900032,741.374410715136,741.374410715136,741.374410715136,335.869117857792,335.869117857792,335.869117857792,335.869117857792,335.869117857792,725.5561900032,725.5561900032
GreenFusion,Rajasthan,34,11,19,92,5.2,30.90464,17.836749240908027,6510.41347293143,695.95741133568,695.95741133568,703.9423890423809,703.9423890423809,703.9423890423809,322.9513320923136,322.9513320923136,322.9513320923136,322.9513320923136,322.9513320923136,695.95741133568,695.95741133568
PowerGrid,Delhi,25,9,20,95,5.2,24.7,14.405906235090411,5258.155775808,563.901,563.901,568.3159688960001,568.3159688960001,568.3159688960001,259.520773824,259.520773824,259.520773824,259.520773824,259.520773824,563.901,563.901
GreenSky,Rajasthan,29,8,17,95,5.1,23.885849999999998,13.785823645120704,5031.825630469057,537.8976857052,537.8976857052,544.069185510912,544.069185510912,544.069185510912,249.60546622310397,249.60546622310397,249.60546622310397,249.60546622310397,249.60546622310397,537.8976857052,537.8976857052
EcoSource,Gujarat,28,10,17,95,6.2,28.0364,16.181331878248503,5906.186135560704,631.3660462368001,631.3660462368001,638.6099432366082,638.6099432366082,638.6099432366082,292.978424180736,292.978424180736,292.978424180736,292.978424180736,292.978424180736,631.3660462368001,631.3660462368001
EnergyHub,Kolkata,30,9,17,91,5.5,25.5255,14.80802376335474,5404.92867362448,576.220396752,576.220396752,588.7828716369601,588.7828716369601,588.7828716369601,266.73969434112007,266.73969434112007,266.73969434112007,266.73969434112007,266.73969434112007,576.220396752,576.220396752
BrightEnergy,Gujarat,25,8,20,92,5.8,26.68,15.398479637602188,5620.445067724799,600.8205801600001,600.8205801600001,607.7140176896,607.7140176896,607.7140176896,278.8041388032,278.8041388032,278.8041388032,278.8041388032,278.8041388032,600.8205801600001,600.8205801600001
HelioTech,Kolkata,30,8,20,92,5.1,28.151999999999997,16.331726508235395,5961.080175505919,635.5118062079999,635.5118062079999,649.36692336384,649.36692336384,649.36692336384,294.18643611648,294.18643611648,294.18643611648,294.18643611648,294.18643611648,635.5118062079999,635.5118062079999
GreenFusion,Delhi,25,9,17,95,5.8,23.4175,13.657907257499183,4985.1361489872015,534.621525,534.621525,538.8072551264002,538.8072551264002,538.8072551264002,246.0456567216,246.0456567216,246.0456567216,246.0456567216,246.0456567216,534.621525,534.621525
SolarTech,Chennai,32,8,18,91,6.4,33.546240000000004,19.371700496288618,7070.670681145346,749.0117246976001,749.0117246976001,770.566107090125,770.566107090125,770.566107090125,352.58509221691395,352.58509221691395,352.58509221691395,352.58509221691395,352.58509221691395,749.0117246976001,749.0117246976001
SolarTech,Rajasthan,29,11,17,91,6.3,28.26369,16.31251330391682,5954.067355929639,636.4845061192801,636.4845061192801,643.7871291091969,643.7871291091969,643.7871291091969,295.3535888249856,295.3535888249856,295.3535888249856,295.3535888249856,295.3535888249856,636.4845061192801,636.4845061192801
EcoEnergy,Rajasthan,33,9,20,91,5.5,33.033,19.0651415992846,6958.776683738879,743.8870398960001,743.8870398960001,752.4219320217601,752.4219320217601,752.4219320217601,345.19254561792,345.19254561792,345.19254561792,345.19254561792,345.19254561792,743.8870398960001,743.8870398960001
SunHarvest,Rajasthan,32,8,20,91,5.8,33.779199999999996,19.495814219433736,7115.972190093314,760.6910997504,760.6910997504,769.4187910922241,769.4187910922241,769.4187910922241,352.990283563008,352.990283563008,352.990283563008,352.990283563008,352.990283563008,760.6910997504,760.6910997504
HelioPower,Mumbai,30,8,20,92,5.9,32.568000000000005,18.885189563704113,6893.094190752002,721.5190277760001,721.5190277760001,756.5540407488002,756.5540407488002,756.5540407488002,347.47119148032004,347.47119148032004,347.47119148032004,347.47119148032004,347.47119148032004,721.5190277760001,721.5190277760001
SolarWave,Chennai,33,8,20,95,5.4,33.858000000000004,19.55173025064328,7136.381541484798,755.9726209200003,755.9726209200003,777.72731769216,777.72731769216,777.72731769216,355.861820945664,355.861820945664,355.861820945664,355.861820945664,355.861820945664,755.9726209200003,755.9726209200003
EcoSun,Kolkata,26,11,17,91,5.3,21.31766,12.366943482365354,4513.934371063354,481.23133740863994,481.23133740863994,491.72290734286725,491.72290734286725,491.72290734286725,222.7680598800384,222.7680598800384,222.7680598800384,222.7680598800384,222.7680598800384,481.23133740863994,481.23133740863994
EnergyHub,Chennai,28,9,19,91,5.6,27.110719999999997,15.655428092052686,5714.2312535992305,605.3211073727999,605.3211073727999,622.7404910598143,622.7404910598143,622.7404910598143,284.9450701857177,284.9450701857177,284.9450701857177,284.9450701857177,284.9450701857177,605.3211073727999,605.3211073727999
PureEnergy,Rajasthan,25,8,19,93,5.9,26.06325,15.042519655724712,5490.51967433952,586.931671134,586.931671134,593.6657560550401,593.6657560550401,593.6657560550401,272.35914432768,272.35914432768,272.35914432768,272.35914432768,272.35914432768,586.931671134,586.931671134
SolarWave,Hyderabad,25,8,19,92,6.0,26.22,15.151829011199997,5530.417589087999,585.19390176,585.19390176,597.740612256,597.740612256,597.740612256,279.28402905599995,279.28402905599995,279.28402905599995,279.28402905599995,279.28402905599995,585.19390176,585.19390176
EnergyHub,Kolkata,32,8,19,94,6.1,34.862719999999996,20.224794272989065,7382.049909641009,787.0016395468798,787.0016395468798,804.1594638567423,804.1594638567423,804.1594638567423,364.3129919766527,364.3129919766527,364.3129919766527,364.3129919766527,364.3129919766527,787.0016395468798,787.0016395468798
EcoSun,Delhi,34,11,19,91,5.2,30.568720000000003,17.828749556547894,6507.4935881399815,697.8838776000001,697.8838776000001,703.3478431056898,703.3478431056898,703.3478431056898,321.18290968458246,321.18290968458246,321.18290968458246,321.18290968458246,321.18290968458246,697.8838776000001,697.8838776000001
PureEnergy,Rajasthan,26,9,19,93,5.5,25.2681,14.583595327244977,5323.0122944444165,569.0252811672001,569.0252811672001,575.5539194296321,575.5539194296321,575.5539194296321,264.049882297344,264.049882297344,264.049882297344,264.049882297344,264.049882297344,569.0252811672001,569.0252811672001
SunSolutions,Kolkata,31,8,19,94,6.1,33.77325999999999,19.592769451958162,7151.360849964729,762.40783831104,762.40783831104,779.0294806112191,779.0294806112191,779.0294806112191,352.9282109773823,352.9282109773823,352.9282109773823,352.9282109773823,352.9282109773823,762.40783831104,762.40783831104
HelioTech,Rajasthan,33,9,17,93,5.3,27.65169,15.959294805483061,5825.1426040013175,622.70256477528,622.70256477528,629.8470624365568,629.8470624365568,629.8470624365568,288.95823151810555,288.95823151810555,288.95823151810555,288.95823151810555,288.95823151810555,622.70256477528,622.70256477528
EnergyHub,Delhi,33,10,19,92,5.0,28.842000000000006,16.821665896051726,6139.90805205888,658.4628600000001,658.4628600000001,663.6181852185601,663.6181852185601,663.6181852185601,303.04041128064006,303.04041128064006,303.04041128064006,303.04041128064006,303.04041128064006,658.4628600000001,658.4628600000001
EnergyHub,Kolkata,27,9,19,92,5.8,27.37368,15.880202304772418,5796.273841241932,617.9417739187201,617.9417739187201,631.4138378355457,631.4138378355457,631.4138378355457,286.0530464120832,286.0530464120832,286.0530464120832,286.0530464120832,286.0530464120832,617.9417739187201,617.9417739187201
HelioPower,Gujarat,34,9,18,91,6.2,34.52904,19.928587681632376,7273.934503795817,777.5771306284801,777.5771306284801,786.498561670349,786.498561670349,786.498561670349,360.82605925416965,360.82605925416965,360.82605925416965,360.82605925416965,360.82605925416965,777.5771306284801,777.5771306284801
BrightEnergy,Mumbai,25,8,18,90,6.4,25.92,15.030217191452058,5486.029274880001,574.23769344,574.23769344,602.121123072,602.121123072,602.121123072,276.54302638080003,276.54302638080003,276.54302638080003,276.54302638080003,276.54302638080003,574.23769344,574.23769344
SolarWave,Hyderabad,34,11,17,95,6.0,32.946,19.03860254016,6949.089927158399,735.3088591679999,735.3088591679999,751.0740736608,751.0740736608,751.0740736608,350.92645390079997,350.92645390079997,350.92645390079997,350.92645390079997,350.92645390079997,735.3088591679999,735.3088591679999
EcoEnergy,Hyderabad,32,8,20,91,6.4,37.2736,21.539405561856004,7861.883030077442,831.8948671488,831.8948671488,849.7309109452801,849.7309109452801,849.7309109452801,397.02216572928006,397.02216572928006,397.02216572928006,397.02216572928006,397.02216572928006,831.8948671488,831.8948671488
EcoEnergy,Rajasthan,27,10,17,90,5.3,21.8943,12.63639178146753,4612.283000235649,493.0489515816001,493.0489515816001,498.7058852136961,498.7058852136961,498.7058852136961,228.793907653632,228.793907653632,228.793907653632,228.793907653632,228.793907653632,493.0489515816001,493.0489515816001
BrightEnergy,Hyderabad,33,10,20,92,6.0,36.432,21.05306767872,7684.369702732801,813.1115266560001,813.1115266560001,830.5448507136001,830.5448507136001,830.5448507136001,388.05780879360003,388.05780879360003,388.05780879360003,388.05780879360003,388.05780879360003,813.1115266560001,813.1115266560001
SunEco,Kolkata,27,10,18,91,5.9,26.093340000000005,15.137442901619746,5525.166659091207,589.0389895353602,589.0389895353602,601.8809291022529,601.8809291022529,601.8809291022529,272.6735827286017,272.6735827286017,272.6735827286017,272.6735827286017,272.6735827286017,589.0389895353602,589.0389895353602
SolarTech,Mumbai,28,11,19,93,5.4,26.717040000000004,15.49239637008921,5654.724675082562,591.8955025132801,591.8955025132801,620.6363476064641,620.6363476064641,620.6363476064641,285.0467244420097,285.0467244420097,285.0467244420097,285.0467244420097,285.0467244420097,591.8955025132801,591.8955025132801
HelioTech,Rajasthan,34,8,20,90,5.4,33.048,19.073798915422685,6961.936604129281,744.2248325760002,744.2248325760002,752.7636003225601,752.7636003225601,752.7636003225601,345.34929457152003,345.34929457152003,345.34929457152003,345.34929457152003,345.34929457152003,744.2248325760002,744.2248325760002
EcoSource,Kolkata,27,8,19,93,5.7,27.194130000000005,15.776040558020732,5758.254803677567,613.8885576355202,613.8885576355202,627.2722553160097,627.2722553160097,627.2722553160097,284.1767614374913,284.1767614374913,284.1767614374913,284.1767614374913,284.1767614374913,613.8885576355202,613.8885576355202
SunEco,Delhi,30,11,17,94,5.6,26.8464,15.65776198986766,5715.083126301696,612.903312,612.903312,617.701936330752,617.701936330752,617.701936330752,282.072813861888,282.072813861888,282.072813861888,282.072813861888,282.072813861888,612.903312,612.903312
HelioTech,Rajasthan,26,9,17,90,6.1,24.2658,14.005113462898322,5111.866413957888,546.4539742896001,546.4539742896001,552.723643570176,552.723643570176,552.723643570176,253.57591721779198,253.57591721779198,253.57591721779198,253.57591721779198,253.57591721779198,546.4539742896001,546.4539742896001
SunEco,Rajasthan,30,10,20,95,5.4,30.780000000000005,17.76481271534466,6484.156641100801,693.1505793600002,693.1505793600002,701.1033532416002,701.1033532416002,701.1033532416002,321.64885278720004,321.64885278720004,321.64885278720004,321.64885278720004,321.64885278720004,693.1505793600002,693.1505793600002
HelioPower,Gujarat,29,9,17,94,5.5,25.4881,14.71056929727018,5369.3577935036155,573.9795738072,573.9795738072,580.5650545080321,580.5650545080321,580.5650545080321,266.348866950144,266.348866950144,266.348866950144,266.348866950144,266.348866950144,573.9795738072,573.9795738072
HelioPower,Chennai,29,9,19,91,5.9,29.583190000000002,17.083187159121273,6235.363313079264,660.5257746906001,660.5257746906001,679.5337883949888,679.5337883949888,679.5337883949888,310.93176982637954,310.93176982637954,310.93176982637954,310.93176982637954,310.93176982637954,660.5257746906001,660.5257746906001
GreenFusion,Delhi,28,9,20,92,6.3,32.4576,18.930410616035246,6909.5998748528655,741.007008,741.007008,746.808598867968,746.808598867968,746.808598867968,341.029209249792,341.029209249792,341.029209249792,341.029209249792,341.029209249792,741.007008,741.007008
GreenFusion,Gujarat,29,11,20,94,5.2,28.3504,16.362558362739023,5972.333802399744,638.4371730048001,638.4371730048001,645.762199666688,645.762199666688,645.762199666688,296.259702276096,296.259702276096,296.259702276096,296.259702276096,296.259702276096,638.4371730048001,638.4371730048001
SunEco,Delhi,30,9,19,92,5.8,30.415200000000002,17.73921130856364,6474.812127625729,694.3790160000001,694.3790160000001,699.815540775936,699.815540775936,699.815540775936,319.569888259584,319.569888259584,319.569888259584,319.569888259584,319.569888259584,694.3790160000001,694.3790160000001
GreenSky,Gujarat,28,11,19,94,5.4,27.004319999999996,15.585662355595709,5688.766759792434,608.12410829184,608.12410829184,615.1013419106304,615.1013419106304,615.1013419106304,282.19326017863676,282.19326017863676,282.19326017863676,282.19326017863676,282.19326017863676,608.12410829184,608.12410829184
EnergyHub,Kolkata,34,8,18,94,5.3,30.489839999999997,17.687969883484513,6456.109007471848,688.28691707136,688.28691707136,703.2926113475328,703.2926113475328,703.2926113475328,318.6167010287616,318.6167010287616,318.6167010287616,318.6167010287616,318.6167010287616,688.28691707136,688.28691707136
SolarWave,Chennai,28,11,18,93,5.4,25.31088,14.616087724212955,5334.8720193377285,565.1347478112,565.1347478112,581.3976847666175,581.3976847666175,581.3976847666175,266.027994758615,266.027994758615,266.027994758615,266.027994758615,266.027994758615,565.1347478112,565.1347478112
SolarCo,Chennai,32,11,17,91,6.1,30.197440000000004,17.437893589107027,6364.831160024065,674.2405889856001,674.2405889856001,693.6432752191489,693.6432752191489,693.6432752191489,317.3877956848435,317.3877956848435,317.3877956848435,317.3877956848435,317.3877956848435,674.2405889856001,674.2405889856001
BrightEnergy,Hyderabad,25,11,18,91,6.3,25.7985,14.90825555856,5441.5132788744,575.786608488,575.786608488,588.1316241528001,588.1316241528001,588.1316241528001,274.7943944928,274.7943944928,274.7943944928,274.7943944928,274.7943944928,575.786608488,575.786608488
SolarTech,Mumbai,33,10,17,95,5.5,29.312250000000002,16.997279470298633,6204.0070066590015,649.3903869420002,649.3903869420002,680.9230281546,680.9230281546,680.9230281546,312.73527488544005,312.73527488544005,312.73527488544005,312.73527488544005,312.73527488544005,649.3903869420002,649.3903869420002
SunGen,Delhi,26,11,17,95,5.7,23.9343,13.959323141802606,5095.152946757951,546.420069,546.420069,550.6981738602241,550.6981738602241,550.6981738602241,251.475629835456,251.475629835456,251.475629835456,251.475629835456,251.475629835456,546.420069,546.420069
PureEnergy,Mumbai,25,8,19,92,5.6,24.472,14.190566169336993,5179.556651808002,542.158365504,542.158365504,568.4841097152001,568.4841097152001,568.4841097152001,261.09417212928,261.09417212928,261.09417212928,261.09417212928,261.09417212928,542.158365504,542.158365504
EcoSource,Rajasthan,27,9,19,92,6.4,30.205440000000003,17.433202877991558,6363.119050466919,680.2117685452802,680.2117685452802,688.016090647757,688.016090647757,688.016090647757,315.64474086850566,315.64474086850566,315.64474086850566,315.64474086850566,315.64474086850566,680.2117685452802,680.2117685452802
HelioTech,Mumbai,31,11,18,91,6.1,30.97458,17.961213920293478,6555.84308090712,686.2180314225601,686.2180314225601,719.5389234677281,719.5389234677281,719.5389234677281,330.4708369627392,330.4708369627392,330.4708369627392,330.4708369627392,330.4708369627392,686.2180314225601,686.2180314225601
SunGen,Delhi,33,10,19,95,6.2,36.9303,21.5390461147271,7861.751831875391,843.1187490000001,843.1187490000001,849.7198067255041,849.7198067255041,849.7198067255041,388.02348313977603,388.02348313977603,388.02348313977603,388.02348313977603,388.02348313977603,843.1187490000001,843.1187490000001
EnergyHub,Hyderabad,29,9,20,90,6.2,32.364,18.70228047744,6826.332374265599,722.319429312,722.319429312,737.8061470272,737.8061470272,737.8061470272,344.7272431871999,344.7272431871999,344.7272431871999,344.7272431871999,344.7272431871999,722.319429312,722.319429312
EcoSource,Mumbai,34,8,17,90,5.2,27.050400000000003,15.685701663412605,5725.281107145601,599.2808372928,599.2808372928,628.3802942726402,628.3802942726402,628.3802942726402,288.603375031296,288.603375031296,288.603375031296,288.603375031296,288.603375031296,599.2808372928,599.2808372928
GreenFusion,Hyderabad,34,9,18,93,5.4,30.734640000000002,17.760717391334403,6482.661847837057,685.9543821811201,685.9543821811201,700.6614237630721,700.6614237630721,700.6614237630721,327.372009564672,327.372009564672,327.372009564672,327.372009564672,327.372009564672,685.9543821811201,685.9543821811201
HelioPower,Hyderabad,31,8,18,90,5.9,29.629800000000003,17.122260230208003,6249.624984025921,661.2958913184001,661.2958913184001,675.4742483990401,675.4742483990401,675.4742483990401,315.60373471104003,315.60373471104003,315.60373471104003,315.60373471104003,315.60373471104003,661.2958913184001,661.2958913184001
PureEnergy,Hyderabad,29,10,17,92,5.5,24.945800000000002,14.415503285568,5261.65869923232,556.7555314464001,556.7555314464001,568.69251583584,568.69251583584,568.69251583584,265.71180518784,265.71180518784,265.71180518784,265.71180518784,265.71180518784,556.7555314464001,556.7555314464001
SunRise,Gujarat,25,8,20,95,6.1,28.975,16.72304900672877,6103.912887456001,652.5028602000001,652.5028602000001,659.9892677120001,659.9892677120001,659.9892677120001,302.78672870400004,302.78672870400004,302.78672870400004,302.78672870400004,302.78672870400004,652.5028602000001,652.5028602000001
SunGen,Hyderabad,27,8,19,90,5.1,23.546699999999998,13.607001227231999,4966.55544793968,525.5295669935999,525.5295669935999,536.7970585281599,536.7970585281599,536.7970585281599,250.80920087616,250.80920087616,250.80920087616,250.80920087616,250.80920087616,525.5295669935999,525.5295669935999
SolarCo,Gujarat,34,11,19,92,5.3,31.49896,18.179763649387034,6635.613732026267,709.3412077075201,709.3412077075201,717.4797426778113,717.4797426778113,717.4797426778113,329.16193463255036,329.16193463255036,329.16193463255036,329.16193463255036,329.16193463255036,709.3412077075201,709.3412077075201
HelioTech,Delhi,28,11,20,95,5.7,30.324,17.68602027015715,6455.397398607361,692.2969200000001,692.2969200000001,697.7171433523201,697.7171433523201,697.7171433523201,318.61165771008007,318.61165771008007,318.61165771008007,318.61165771008007,318.61165771008007,692.2969200000001,692.2969200000001
PowerGrid,Rajasthan,34,8,20,95,5.0,32.3,18.64208741733699,6804.3619073280015,727.3802376000001,727.3802376000001,735.725741056,735.725741056,735.725741056,337.532746752,337.532746752,337.532746752,337.532746752,337.532746752,727.3802376000001,727.3802376000001
HelioPower,Rajasthan,27,9,18,95,5.1,23.546699999999998,13.590081727238662,4960.379830442112,530.2601932104,530.2601932104,536.344065229824,536.344065229824,536.344065229824,246.06137238220802,246.06137238220802,246.06137238220802,246.06137238220802,246.06137238220802,530.2601932104,530.2601932104
HelioTech,Kolkata,28,9,17,94,5.0,22.372,12.978594254129094,4737.186902757119,505.032329088,505.032329088,516.04279658624,516.04279658624,516.04279658624,233.78583932927998,233.78583932927998,233.78583932927998,233.78583932927998,233.78583932927998,505.032329088,505.032329088
SunSolutions,Kolkata,26,9,19,95,5.9,27.6887,16.062953813888093,5862.978142069153,625.0531311648001,625.0531311648001,638.680233409504,638.680233409504,638.680233409504,289.34498343628803,289.34498343628803,289.34498343628803,289.34498343628803,289.34498343628803,625.0531311648001,625.0531311648001
SolarCo,Hyderabad,30,10,17,95,5.1,24.709500000000002,14.278951905120001,5211.817445368801,551.4816443760001,551.4816443760001,563.3055552456001,563.3055552456001,563.3055552456001,263.19484042560003,263.19484042560003,263.19484042560003,263.19484042560003,263.19484042560003,551.4816443760001,551.4816443760001
PureEnergy,Mumbai,34,8,18,94,6.2,35.667359999999995,20.682413867504216,7549.081061639039,790.18296826752,790.18296826752,828.552116520576,828.552116520576,828.552116520576,380.53856780144633,380.53856780144633,380.53856780144633,380.53856780144633,380.53856780144633,790.18296826752,790.18296826752
EcoSun,Rajasthan,30,9,17,94,5.6,26.8464,15.494518131293981,5655.499117922303,604.5678269568,604.5678269568,611.5042580398081,611.5042580398081,611.5042580398081,280.543007195136,280.543007195136,280.543007195136,280.543007195136,280.543007195136,604.5678269568,604.5678269568
GreenPower,Kolkata,28,11,17,93,6.0,26.560800000000004,15.408628922987313,5624.149556890369,599.5915736832001,599.5915736832001,612.6635755215361,612.6635755215361,612.6635755215361,277.55850711859205,277.55850711859205,277.55850711859205,277.55850711859205,277.55850711859205,599.5915736832001,599.5915736832001
SolarWave,Kolkata,26,11,20,92,6.4,30.617600000000003,17.762086869087394,6483.161707216898,691.1710101504001,691.1710101504001,706.239582011392,706.239582011392,706.239582011392,319.951784116224,319.951784116224,319.951784116224,319.951784116224,319.951784116224,691.1710101504001,691.1710101504001
BrightEnergy,Delhi,30,8,17,94,5.0,23.97,13.980144633810411,5102.7527913408,547.2351,547.2351,551.5195860096,551.5195860096,551.5195860096,251.8507266624,251.8507266624,251.8507266624,251.8507266624,251.8507266624,547.2351,547.2351
GreenFusion,Delhi,32,8,20,94,5.6,33.6896,19.648956222579024,7171.869021241343,769.133568,769.133568,775.1553710817279,775.1553710817279,775.1553710817279,353.973727199232,353.973727199232,353.973727199232,353.973727199232,353.973727199232,769.133568,769.133568
SolarTech,Kolkata,26,9,20,93,6.3,30.4668,17.67460376460309,6451.230374080129,687.7668051072001,687.7668051072001,702.761160157056,702.761160157056,702.761160157056,318.375934636032,318.375934636032,318.375934636032,318.375934636032,318.375934636032,687.7668051072001,687.7668051072001
HelioPower,Kolkata,25,11,18,92,6.0,24.84,14.410346919031234,5259.7766254464,560.7457113600001,560.7457113600001,572.9708147328,572.9708147328,572.9708147328,259.57626716159996,259.57626716159996,259.57626716159996,259.57626716159996,259.57626716159996,560.7457113600001,560.7457113600001
SolarCo,Kolkata,33,8,19,94,5.6,33.00527999999999,19.147243758444564,6988.743971832266,745.0712243251198,745.0712243251198,761.3149022578174,761.3149022578174,761.3149022578174,344.9028735516671,344.9028735516671,344.9028735516671,344.9028735516671,344.9028735516671,745.0712243251198,745.0712243251198
SolarTech,Kolkata,31,8,17,94,5.7,28.236659999999997,16.380840033604365,5979.006612265593,637.42294678464,637.42294678464,651.3197296913471,651.3197296913471,651.3197296913471,295.0711272105984,295.0711272105984,295.0711272105984,295.0711272105984,295.0711272105984,637.42294678464,637.42294678464
PowerGrid,Kolkata,34,11,20,93,5.4,34.14960000000001,19.81109432955512,7231.0494302876195,770.9034518784002,770.9034518784002,787.7103113848322,787.7103113848322,787.7103113848322,356.86093772390404,356.86093772390404,356.86093772390404,356.86093772390404,356.86093772390404,770.9034518784002,770.9034518784002
PureEnergy,Rajasthan,33,9,18,91,6.1,32.97294,19.03047770546772,6946.124362495719,742.5345180052802,742.5345180052802,751.0538921453569,751.0538921453569,751.0538921453569,344.5649228077056,344.5649228077056,344.5649228077056,344.5649228077056,344.5649228077056,742.5345180052802,742.5345180052802
GreenSky,Delhi,25,11,17,92,5.5,21.505,12.542470185652604,4578.001617763201,490.95915,490.95915,494.8030328384,494.8030328384,494.8030328384,225.95118384959997,225.95118384959997,225.95118384959997,225.95118384959997,225.95118384959997,490.95915,490.95915
PureEnergy,Rajasthan,27,9,18,95,5.3,24.4701,14.123026108699005,5154.9045296751365,551.0547105912001,551.0547105912001,557.3771658270721,557.3771658270721,557.3771658270721,255.710837965824,255.710837965824,255.710837965824,255.710837965824,255.710837965824,551.0547105912001,551.0547105912001
GreenSky,Rajasthan,31,11,20,93,5.5,31.713,18.30329777913337,6680.70368938368,714.161284056,714.161284056,722.3551215513602,722.3551215513602,722.3551215513602,331.39863770112,331.39863770112,331.39863770112,331.39863770112,331.39863770112,714.161284056,714.161284056
SolarWave,Rajasthan,26,10,17,92,5.9,23.991760000000003,13.846950068599655,5054.1367750388745,540.2827272211201,540.2827272211201,546.4815914934273,546.4815914934273,546.4815914934273,250.71221833482244,250.71221833482244,250.71221833482244,250.71221833482244,250.71221833482244,540.2827272211201,540.2827272211201
EnergyHub,Delhi,30,8,17,93,5.9,27.983700000000002,16.321075235259094,5957.19246086957,638.8678710000002,638.8678710000002,643.8697805180161,643.8697805180161,643.8697805180161,294.02232706310406,294.02232706310406,294.02232706310406,294.02232706310406,294.02232706310406,638.8678710000002,638.8678710000002
EcoEnergy,Delhi,32,10,17,92,5.2,26.024960000000004,15.178669373764318,5540.214321423976,594.1498368000001,594.1498368000001,598.8016339222529,598.8016339222529,598.8016339222529,273.4420144914433,273.4420144914433,273.4420144914433,273.4420144914433,273.4420144914433,594.1498368000001,594.1498368000001
SunRise,Mumbai,25,10,20,94,5.7,26.79,15.53470364810959,5670.16683156,593.5118752799999,593.5118752799999,622.3312070640001,622.3312070640001,622.3312070640001,285.82514184959996,285.82514184959996,285.82514184959996,285.82514184959996,285.82514184959996,593.5118752799999,593.5118752799999
SunHarvest,Rajasthan,31,8,20,90,6.1,34.038000000000004,19.645181780536117,7170.491349895682,766.5191494560003,766.5191494560003,775.3137081753601,775.3137081753601,775.3137081753601,355.69472550912,355.69472550912,355.69472550912,355.69472550912,355.69472550912,766.5191494560003,766.5191494560003
PowerGrid,Kolkata,32,11,19,90,6.0,32.832,19.046719406023886,6952.052583198718,741.159548928,741.159548928,757.3179464294401,757.3179464294401,757.3179464294401,343.09210963967996,343.09210963967996,343.09210963967996,343.09210963967996,343.09210963967996,741.159548928,741.159548928
SunEco,Rajasthan,33,10,19,91,5.7,32.522490000000005,18.770498501841118,6851.231953172008,732.3906038248801,732.3906038248801,740.793593072333,740.793593072333,740.793593072333,339.85775173109766,339.85775173109766,339.85775173109766,339.85775173109766,339.85775173109766,732.3906038248801,732.3906038248801
EcoSource,Kolkata,34,10,19,90,6.4,37.2096,21.58628199349374,7878.992927625215,839.9808221184,839.9808221184,858.293672620032,858.293672620032,858.293672620032,388.837724258304,388.837724258304,388.837724258304,388.837724258304,388.837724258304,839.9808221184,839.9808221184
SunGen,Gujarat,29,9,20,93,5.3,28.5882,16.499805681248088,6022.429073655552,643.7923129584,643.7923129584,651.1787811287041,651.1787811287041,651.1787811287041,298.744695687168,298.744695687168,298.744695687168,298.744695687168,298.744695687168,643.7923129584,643.7923129584
GreenFusion,Rajasthan,34,10,19,93,5.6,33.64368,19.41759825389821,7087.423362672846,757.6392554841602,757.6392554841602,766.3319318839298,766.3319318839298,766.3319318839298,351.5741090168832,351.5741090168832,351.5741090168832,351.5741090168832,351.5741090168832,757.6392554841602,757.6392554841602
GreenSky,Kolkata,32,9,18,90,5.2,26.9568,15.63835909126172,5708.001068310527,608.5309980672,608.5309980672,621.797892857856,621.797892857856,621.797892857856,281.69667949363196,281.69667949363196,281.69667949363196,281.69667949363196,281.69667949363196,608.5309980672,608.5309980672
HelioTech,Gujarat,33,10,20,95,5.8,36.366,20.98879724516647,7660.910994485762,818.944573392,818.944573392,828.3406284595202,828.3406284595202,828.3406284595202,380.02216310784,380.02216310784,380.02216310784,380.02216310784,380.02216310784,818.944573392,818.944573392
BrightEnergy,Mumbai,33,10,19,95,6.5,38.71725,22.4509520276137,8194.597490079,857.7509389020001,857.7509389020001,899.4010051026,899.4010051026,899.4010051026,413.07814383264,413.07814383264,413.07814383264,413.07814383264,413.07814383264,857.7509389020001,857.7509389020001
HelioPower,Chennai,27,10,18,92,5.7,25.48584,14.717120588666042,5371.749014863105,569.0412092016,569.0412092016,585.4165627719168,585.4165627719168,585.4165627719168,267.86689794819074,267.86689794819074,267.86689794819074,267.86689794819074,267.86689794819074,569.0412092016,569.0412092016
GreenPower,Kolkata,25,9,19,92,6.4,27.968,16.224983197724058,5922.118867169281,631.358134272,631.358134272,645.1226951065601,645.1226951065601,645.1226951065601,292.26364895232,292.26364895232,292.26364895232,292.26364895232,292.26364895232,631.358134272,631.358134272
